Question,NRA doc answer ,proportion
WHO PQ,29,63.04347826
OWN NRA,44,95.65217391
Name of NRA,46,100
CTD,38,82.60869565
Safety studies,34,73.91304348
GMP,42,91.30434783
GMO,23,50
Samples,38,82.60869565
CPR,36,78.26086957
C. Registration,36,78.26086957
Time.R,29,63.04347826
Expidited.P,25,54.34782609
China.P,17,36.95652174
EUL,8,17.39130435
Meeting NRA,0,0
Fees,12,26.08695652
Website,43,93.47826087
